MWENEZI,Secondary
MWENJE,Primary
MWENJE DHUMISANI,Secondary
MWENJE PRIMARY,Primary
MWEYAMUTSVENE HIGH,Secondary
MWEZHE,Primary
MWIRE,Primary
MWOYOWESHUMBA,Secondary
MWOYOWESHUMBA,Primary
MZARABANI,Primary
MZILA,Primary
MZILA ,Primary
MZILIKAZI,Primary
MZILIKAZI HIGH,Secondary
MZIMUNI,Secondary
MZINGWANE,Secondary
MZINGWANE,Primary
MZINGWANE,Primary
MZINYATHINI,Secondary
MZINYATI,Primary
MZOLA 27 PR.,Primary
MZOLA 5,Primary
MZOLA 52,Primary
MZOLA 55,Primary
MZWANYANA,Secondary
NABALENGE,Secondary
NABUNJEBWA,Primary
NABUSHOME PRIMARY,Primary
NAEMOOR,Primary
NAEMOOR,Secondary
NAFOMBO-URI-MAGONDE,Secondary
NAGANGALA ,Primary
NAGLE HOUSE,Secondary
NAISON DIP,Primary
NAKALUBA,Secondary
NAKALUBA PRIMARY,Primary
NAKAPANDE,Primary
NAKAPANDE,Secondary
NANDA,Primary
NANDI,Secondary
NANDI PRIMARY,Primary
NANGABWE,Primary
NANGABWE,Secondary
NASHVILLE,Secondary
NATA,Primary
NATIONAL REHABILITATION,Primary
NAU,Primary
NAVATA PRIMARY,Primary
NDAKOPA,Primary
NDALI,Secondary
NDALI PRIMARY,Primary
NDALI-BILINGWE,Primary
NDAMBE,Primary
NDAMULENI PRIMARY,Primary
NDANGABABI,Primary
NDANGARIRO,Primary
NDAPETWA,Primary
NDARAMA MUCHEKE 2,Secondary
NDARE,Primary
NDARIRE,Primary
NDAWANA PRIMARY,Primary
NDAWI  ,Secondary
NDAWI PRIMARY,Primary
NDAWORA,Primary
NDHLALAMBI,Primary
NDIADZO PRIMARY,Primary
NDIEME,Primary
NDIMA,Primary
NDIMA,Secondary
NDIMAKULE,Primary
NDIMIMBILI,Primary
NDINANENI,Primary
NDINGI,Primary
NDISENGEI PRIMARY,Primary
NDIWANA,Secondary
NDLAMATULI,Secondary
NDLAMATULI ST DOMINICS,Primary
NDLAMATULI ST MARYS,Primary
NDLOVU ,Secondary
NDLOVU PRY SCHOOL,Primary
NDOLA,Primary
NDOLA,Secondary
NDOLWANE,Primary
NDONGWE,Primary
NDONGWE ,Secondary
NDORWE,Primary
NDUDZA,Primary
NDUKU,Secondary
NDUKU ST THERESA,Primary
NDUMECHENGA,Primary
NDUNA,Primary
NDUNDUMA,Primary
NDUTSHWA,Primary
NDWANE,Primary
NDYARIMA,Primary
NDYARIMA,Secondary
NEBARWE,Primary
NEBIRI,Primary
NECHAVAVA,Secondary
NECHAVAVA PRIMARY,Primary
NECHIBONDO PRIMARY,Primary
NECHIKOWA,Secondary
NECHIKOWA PRIMARY,Primary
NECHILIBI ,Secondary
NECHISHALA,Secondary
NECHISHANYI PRIMARY,Primary
NECHITIMA,Primary
NEGANDE,Primary
NEGANDE,Secondary
NEGARI,Primary
NEGOMO,Secondary
NEGOMO,Primary
NEGOVANHU,Primary
NEGUVE,Primary
NEGWARI,Primary
NEHANDA,Primary
NEHUMAMBI PRIMARY,Primary
NEHUMBA,Secondary
NEHUMBA PRIMARY,Primary
NEJAMBEZI SEC,Secondary
NEKABANDAMA,Primary
NEKATAMBE METHODIST,Secondary
NELUSWI,Primary
NEMADZIVA (CHABATA B),Secondary
NEMADZIVA PRIMARY,Primary
NEMAIRE,Primary
NEMAKONDE,Secondary
NEMANE,Primary
NEMANE ,Secondary
NEMANGWE,Secondary
NEMANJE,Primary
NEMANWA (CHIRICHOGA),Secondary
NEMANWA PRIMARY,Primary
NEMARAMBA,Primary
NEMARUNDWI,Primary
NEMASHAKWE,Secondary
NEMAUKU,Secondary
NEMAUKU,Primary
NEMAUZHE PRIMARY,Primary
NEMAZUWA PRIMARY,Primary
NEMBE,Primary
NEMBE ,Secondary
NEMBILA,Secondary
NEMBIRE,Primary
NEMBUDZIA,Primary
NEMBUDZIYA,Secondary
NEMUSASA PRIMARY,Primary
NENGASHA PRIMARY,Primary
NENOHWE,Primary
NENYUNKA,Primary
NENYUNKA   ,Secondary
NERUMEDZO,Primary
NERUPIRI,Secondary
NERUPIRI PRIMARY,Primary
NERUTANGA,Secondary
NERUTANGA PRIMARY,Primary
NERUVANGA,Secondary
NERWANDE,Primary
NESHANGWE,Primary
NESHANGWE,Secondary
NESHAVA PRIMARY,Primary
NESHAYA SEC,Secondary
NESHUMBA PRIMARY,Primary
NESHURO,Primary
NESHURO(SARAHURU),Secondary
NESIKWE,Secondary
NESIKWE,Primary
NETA,Secondary
NETHERBURN,Primary
NETHERGREEN,Primary
NETTLETON JUNIOR,Primary
NEUSO,Primary
NEUSO SEC,Secondary
NEUSO ST MARKS,Secondary
NEVANA,Secondary
NEVANA (ZANDA) ,Primary
NEVERNPLACE PRIMARY,Primary
NEW ENGLAND,Secondary
NEW ENGLAND KUZVITONGA,Primary
NEW GATO,Primary
NEW YEARS GIFT,Primary
NEWENGO,Primary
NEWLANDS,Primary
NEWLANDS,Primary
NEWLINE,Primary
NEWMANSFORD,Primary
NEWMINE ,Primary
NEZVIHWI,Primary
NGADLWANA,Primary
NGAMO,Primary
NGAMO,Secondary
NGANDA,Primary
NGANGU,Primary
NGANI,Primary
NGANUNU MARIBEHA,Secondary
NGAONE,Secondary
NGAONE,Primary
NGAONE   TOTI,Primary
NGARURA,Primary
NGARURA,Secondary
NGARWE,Primary
NGAZANA,Primary
NGAZINI PRIMARY,Primary
NGCONO,Primary
NGEZI,Primary
NGEZI BARRACKS,Secondary
NGEZI BARRACKS,Primary
NGEZI HIGH,Secondary
NGEZI PRIMARY,Primary
NGEZI SALVATION ARMY,Secondary
NGOMA,Primary
NGOMAHURU PRIMARY,Primary
NGOMASHA,Primary
NGOMAYEVISE,Primary
NGOMBANE,Primary
NGOMBEYARARA,Primary
NGOMBEYARARA,Secondary
NGOME,Primary
NGOMENI,Secondary
NGOMENI,Primary
NGOMEYEBANI,Secondary
NGONDOMA,Primary
NGONDYORE,Primary
NGULUBENI,Primary
NGUNDU HALT,Secondary
NGUNDU PRIMARY,Primary
NGUNGUMBANE,Primary
NGUNGUMBANE,Secondary
NGURUNDA,Primary
NGUWANYANA,Primary
NGWALONGWALO ,Primary
NGWANA,Primary
NGWANA ,Primary
NGWENA,Primary
NGWINDI,Primary
NHAKAYEDU,Secondary
NHAKAYEDU,Primary
NHAKAYEDU,Secondary
NHAKAYEDU,Primary
NHAMANDE,Secondary
NHAMBURIKO ,Primary
NHAMO,Primary
NHANGURA,Primary
NHANGWI PRIMARY,Primary
NHANHA,Primary
NHARIRA,Primary
NHARIRA,Secondary
NHARIRA,Primary
NHARIRA,Primary
NHARIRA,Secondary
NHARIRA PRIMARY,Primary
NHARIRE,Primary
NHARIRE,Primary
NHARIRE,Secondary
NHEDZIWA,Secondary
NHEMA PRIMARY,Primary
NHEMA ST FRANCIS,Primary
NHENGA,Primary
NHENGURE,Primary
NHERERA,Primary
NHETA,Primary
NHIDZA,Primary
NHLAMBABALOYI ,Primary
NHLAMBABALOYI ,Secondary
NHLANGANO,Primary
NHLANGANO,Primary
NHLANGANO,Secondary
NHLANHLA,Primary
NHLANHLA SEC,Secondary
NHLUPO,Primary
NHLUPO ANNEX,Secondary
NHOMBOKA,Primary
NHONGO,Primary
NHORO,Primary
NHOWE,Secondary
NHOWE C.P.S,Primary
NHWALI,Secondary
NHWALI,Primary
NICHOLAS BHENGU,Secondary
NIDD VALLEY,Primary
NIKITA,Secondary
NIL,Primary
NJARAVANI,Primary
NJEDZA,Secondary
NJELELE,Secondary
NJELELE SDA,Primary
NJENGENJA,Primary
NJERAMA,Primary
NJEREMOTO,Secondary
NJERERE,Primary
NJIVA PRIMARY,Primary
NJOBOLA PRIMARY,Primary
NJOVO PRIMARY,Primary
NJUBE,Secondary
NKALANGE,Primary
NKANKEZI,Primary
NKANKEZI,Secondary
NKASHE,Primary
NKASHE SEC,Secondary
NKAYI,Primary
NKAYI ,Secondary
NKEDILE,Primary
NKENYANE,Primary
NKETA,Primary
NKETA HIGH,Secondary
NKIWANE SANTA MARIA,Primary
NKOSIKAZI,Primary
NKUBA,Primary
NKULULEKO,Secondary
NKULULEKO ,Primary
NKULUMANE,Primary
NKULUMANE,Secondary
NKULUMANE 2,Secondary
NKWALINI,Primary
NKWIZHU,Primary
NLONGWE,Secondary
NONKWANE,Primary
NONO,Primary
NOPEMANO,Primary
NORAH,Secondary
NORAH,Primary
NORTH PARK,Primary
NORTH WOOD  ADVENTIST,Primary
NORTHCOT,Secondary
NORTHEND,Primary
NORTHLEA HIGH,Secondary
NORTHWOOD KUTAMA SIDING ,Primary
NORTON 1,Primary
NORTON 2,Primary
NORTON EDUCATION CENTRE,Primary
NORWOOD (CHINGWERE),Primary
NOTTINGHAM ,Primary
NQAPE,Primary
NQINDI,Secondary
NSANGO,Primary
NSELELO ,Primary
NSENGA HILL,Primary
NSEZI,Primary
NSEZI,Secondary
NSIMBI,Primary
NSUNGWALE,Primary
NSWALA (DANGARENDOVE),Primary
NSWAZWI,Primary
NTABAMHLOPE,Secondary
NTABAMHLOPE,Primary
NTABENDE,Primary
NTABENI,Primary
NTABENI ,Primary
NTALALE,Primary
NTALALE,Secondary
NTENJANE,Primary
NTEPE,Primary
NTEPE GOVERNMENT  RURAL,Secondary
NTIVULE EAST,Primary
NTIVULE WORLDVIEW,Primary
NTIYABEZI,Secondary
NTOBE,Secondary
NTOBE ,Primary
NTOBI,Primary
NTOLI,Primary
NTSHAMATHE,Primary
NTULULA,Primary
NTUNTE,Primary
NTUNUNGWE,Primary
NTUTHUKO PRIMARY,Primary
NULI,Primary
NULI GOVT RURAL,Secondary
NUMWA,Secondary
NUMWA,Primary
NYABAMBA,Secondary
NYABANE,Primary
NYABANGO,Primary
NYABANGO,Primary
NYABATA,Secondary
NYABAWA,Primary
NYABEZE,Primary
NYABIRA,Primary
NYABURUDZI,Secondary
NYACHIDZE,Primary
NYACHURU,Secondary
NYACHURU  ,Primary
NYADARA,Primary
NYADEVI,Primary
NYADI,Primary
NYADI,Secondary
NYADIRE,Primary
NYADIRE,Secondary
NYADUKUTU,Primary
NYADZAMBA PRIMARY,Primary
NYADZONYA,Secondary
NYADZONYA,Primary
NYADZONYA,Secondary
NYADZONYA,Primary
NYAFARU,Secondary
NYAFARU,Primary
NYAGADZA,Primary
NYAGADZI,Primary
NYAGANDE,Primary
NYAGANDE SECONDARY,Secondary
NYAGARI,Primary
NYAGARI,Primary
NYAGOMBE,Primary
NYAGONYE,Primary
NYAGORE,Primary
NYAGORI,Secondary
NYAGUMBO,Primary
NYAGUNDI,Secondary
NYAGUNDI,Primary
NYAHANGA,Primary
NYAHAVA,Primary
NYAHAWA,Secondary
NYAHODE UNION,Secondary
NYAHOMBE,Secondary
NYAHOMBE PRIMARY,Primary
NYAHONDO,Secondary
NYAHONDO,Primary
NYAHONDO,Primary
NYAHONDO,Primary
NYAHONI,Primary
NYAHONYE,Secondary
NYAHOWE,Primary
NYAHUKU,Secondary
NYAHUKU RIVER,Primary
NYAHUKWE,Primary
NYAHUKWE ,Secondary
NYAHUNDA,Primary
NYAHUNI,Primary
NYAHUNI (MAKUNDE),Secondary
NYAHURUNGURUHWE,Primary
NYAJE,Primary
NYAJE,Secondary
NYAJENA PRIMARY,Primary
NYAJENJE,Primary
NYAJEZI,Secondary
NYAJEZI,Primary
NYAKABAU,Primary
NYAKADECHA,Primary
NYAKAPUPU,Primary
NYAKAPUPU,Secondary
NYAKAROWA DAM,Primary
NYAKASIKANA,Primary
NYAKASIKANA,Secondary
NYAKASIKANA,Secondary
NYAKASIKANA ,Primary
NYAKATSAPA,Secondary
NYAKATSAPA,Primary
NYAKOMBA,Secondary
NYAKUCHENA,Secondary
NYAKUCHENA,Primary
NYAKUDYA,Secondary
NYAKUDYA,Primary
NYAKUDYA,Secondary
NYAKUDYA,Primary
NYAKUIPA,Secondary
NYAKUNHUWA,Primary
NYAKUNU,Primary
NYAKURWI,Primary
NYAKWATI ,Primary
NYAKWIMA,Primary
NYAMA,Primary
NYAMA,Secondary
NYAMACHENI,Primary
NYAMACHENI,Secondary
NYAMADZI CHIMANA B ,Primary
NYAMAENDE,Primary
NYAMAFUFU PRIMARY,Primary
NYAMAHAPE,Primary
NYAMAHAPE,Secondary
NYAMAHOBOGO,Secondary
NYAMAHOBOGO,Primary
NYAMAHUMBA   ,Primary
NYAMAHUMBE  PRIMARY,Primary
NYAMAJURA,Secondary
NYAMAJURA,Primary
NYAMAKARATI,Primary
NYAMAKARE,Primary
NYAMAKARE SEC,Secondary
NYAMAKARI,Secondary
NYAMAKATE,Primary
NYAMAKATE,Secondary
NYAMAKOPE,Primary
NYAMAKOSI,Secondary
NYAMAKOSI,Primary
NYAMAKUTE,Primary
NYAMAKUTE,Secondary
NYAMAKUYO,Primary
NYAMAMBIZI PRIMARY,Primary
NYAMANDE,Primary
NYAMANDE,Secondary
NYAMANDE,Primary
NYAMANDE ( GOROMONZI),Primary
NYAMANDE PRIMARY,Primary
NYAMANDI,Secondary
NYAMANDI,Primary
NYAMANDI PRIMARY,Primary
NYAMANDLOVU,Primary
NYAMANDLOVU ,Secondary
NYAMANGARA,Primary
NYAMANGARA SEC,Secondary
NYAMANGORE,Primary
NYAMANGORE,Secondary
NYAMANHINDI,Primary
NYAMANJI,Primary
NYAMANYANYA,Primary
NYAMANYANYA,Secondary
NYAMANYORA,Primary
NYAMANYORA,Secondary
NYAMAPANDA,Secondary
NYAMAPANDA,Primary
NYAMARIDZA,Primary
NYAMARIDZA,Secondary
NYAMARODZA,Primary
NYAMAROPA,Primary
NYAMAROPA SECONDARY,Secondary
NYAMARURO,Primary
NYAMARURO SECONDARY SCHOO,Secondary
NYAMASAKA,Primary
NYAMASANGA,Primary
NYAMASANGA,Primary
NYAMASANGA,Primary
NYAMASANGA SEC,Secondary
NYAMASHATO,Secondary
NYAMASHATO,Primary
NYAMASHESHA,Secondary
NYAMASHESHA,Primary
NYAMASHUKA,Primary
NYAMASWAU,Primary
NYAMASWAU SECONDARY SCHOO,Secondary
NYAMATANDA,Primary
NYAMATANI,Primary
NYAMATANI,Secondary
NYAMATAWA,Secondary
NYAMATAWA,Primary
NYAMATENDERA,Secondary
NYAMATIKITI,Secondary
NYAMATIKITI,Primary
NYAMATSINE,Primary
NYAMATSITO,Primary
NYAMAURU (DANGAMVURA 2),Secondary
NYAMAURU PRIMARY,Primary
NYAMAZANA,Primary
NYAMAZANA,Secondary
NYAMAZENGWE,Primary
NYAMAZENGWE,Secondary
NYAMAZIRA,Secondary
NYAMAZIRA,Primary
NYAMAZIZI,Primary
NYAMAZIZI,Primary
NYAMBANJE,Primary
NYAMBEYA,Primary
NYAMBI,Primary
NYAMBIRI,Primary
NYAMBIRI,Secondary
NYAMBUDZI,Primary
NYAMBUDZI,Secondary
NYAMENI,Secondary
NYAMENI,Primary
NYAMHARA,Primary
NYAMHARA,Primary
NYAMHARA,Secondary
NYAMHARA,Primary
NYAMHINGURA,Secondary
NYAMHINGURA ST JAMES,Primary
NYAMHONDO,Secondary
NYAMHONDORO,Secondary
NYAMHONDORO,Primary
NYAMHONDORO,Primary
NYAMHUKA,Primary
NYAMHUNGA,Secondary
NYAMHUNGA,Primary
NYAMHUNGA,Secondary
NYAMHUNGA,Primary
NYAMHUNGA NO.1,Primary
NYAMIDZI,Secondary
NYAMIME,Primary
NYAMITA,Primary
NYAMOMBE,Secondary
NYAMUDEZA,Primary
NYAMUHWAWO,Primary
NYAMUKAMANI,Primary
NYAMUKAMANI,Secondary
NYAMUKOHO,Secondary
NYAMUKOHO,Primary
NYAMUKWARARA,Primary
NYAMUPFUKUDZA,Secondary
NYAMUPFUKUDZA,Primary
NYAMUPONDA,Primary
NYAMURONDA,Primary
NYAMURONDA,Secondary
NYAMURORO,Primary
NYAMUSEVE SECONDARY SCHOO,Secondary
NYAMUSOSA,Primary
NYAMUSOSA,Secondary
NYAMUSUNDU,Primary
NYAMUTI,Primary
NYAMUTORA,Primary
NYAMUTORA,Primary
NYAMUTORA ,Secondary
NYAMUTOWERA,Primary
NYAMUTUMBU,Secondary
NYAMUTUMBU,Primary
NYAMUWANGA,Primary
NYAMUZEYA,Secondary
NYAMUZEYA,Primary
NYAMUZIZI,Primary
NYAMUZUWE,Primary
NYAMUZUWE HIGH,Secondary
NYAMUZUWE RURAL,Secondary
NYANDA  PRIMARY,Primary
NYANDENI,Secondary
NYANDORO,Primary
NYANDORO  ,Primary
NYANGA HIGH,Secondary
NYANGAMBE,Primary
NYANGAMBE  ,Secondary
NYANGAMBE PRY,Primary
NYANGANI,Primary
NYANGANI,Secondary
NYANGOMA,Primary
NYANGOMA,Secondary
NYANGWENE,Primary
NYANGWIZHU,Primary
NYANGWIZHU,Secondary
NYANHEWE,Primary
NYANHEWE,Primary
NYANHUNDU,Primary
NYANHUNZI,Primary
NYANHUNZI SECONDARY SCHOO,Secondary
NYANINGWE,Secondary
NYANYADZI,Secondary
NYANYADZI,Primary
NYANYANA,Primary
NYANZIRA,Primary
NYANZOU,Secondary
NYANZOU,Primary
NYAODZA,Primary
NYAPFUNDE,Primary
NYARADZA,Secondary
NYARADZA,Primary
NYARADZO,Secondary
NYARUKOKORA,Primary
NYARUKOWA,Primary
NYARUKOWA,Secondary
NYARUKUNDA,Secondary
NYARUKUNDA ,Primary
NYARUMVURWE,Primary
NYARUMVURWE,Secondary
NYARUMWE,Primary
NYARUPAKWE,Primary
NYARUSHIPE,Primary
NYARUSVISVI,Primary
NYARUSVISVI SECONDARY,Secondary
NYARUTEPO,Primary
NYARUTOMBO,Primary
NYARWIZI (HAISOSWI),Secondary
NYASHANU,Secondary
NYASHANU,Primary
NYASHENJE,Primary
NYASHONGWE,Primary
NYASHONJOWA,Primary
NYATATE,Secondary
NYATATE,Primary
NYATI,Primary
NYATONDO,Primary
NYATSAMBO,Secondary
NYATSANGA,Primary
NYATSANGA,Primary
NYATSANGA SECONDARY,Secondary
NYATSANZA,Primary
NYATSATO,Primary
NYATSENGWA,Primary
NYATSIME COLLEGE,Secondary
NYATSO,Secondary
NYATSO,Primary
NYAUNDE,Primary
NYAUNDE,Secondary
NYAUROYI SECONDARY,Secondary
NYAURUNGWE,Primary
NYAURUNGWE,Secondary
NYAUTARE,Primary
NYAUTONGE,Primary
NYAUTUTU,Secondary
NYAUTUTU PRIMARY SCH.,Primary
NYAVA,Primary
NYAVA,Secondary
NYAVASIKANA ,Primary
NYAVIRA  SEC,Secondary
NYAWAGI,Primary
NYAWARO,Primary
NYAZURA,Primary
NYAZURA,Secondary
NYAZVIDZI,Primary
NYAZVIDZI ,Secondary
NYAZVIKARI,Primary
NYELE,Primary
NYEMBA,Primary
NYEVEDZANAI,Primary
NYIKA,Primary
NYIKA SEC,Secondary
NYIKAVANHU,Primary
NYIKAVANHU ,Primary
NYIKAVANHU HIGH,Secondary
NYOKA HIGH,Secondary
NYONGOLO,Primary
NYORORO,Primary
NYUMBANE,Primary
NYUNGA,Primary
NZALIKWA,Primary
NZIRA,Secondary
NZIRA,Primary
NZOVUNDE,Primary
NZUMA,Secondary
NZUMA ST HELEN,Primary
NZVENGA,Primary
NZVIMBE,Secondary
NZVIMBE,Primary
NZVIMBO,Secondary
NZVIMBO  PRIMARY,Primary
OAKLEIGH HOUSE,Primary
OBVA,Primary
OBVA SEC,Secondary
ODZA,Primary
ODZI,Secondary
ODZI,Primary
ODZI (NEGUVE),Secondary
OLD GATO,Primary
OLD MURAPA,Primary
OLD NULI,Primary
OLD WINDSOR,Primary
OLDBURY  PRIMARY,Primary
OLDONYO,Primary
OLDONYO,Secondary
ONAPATARI,Primary
ORETI,Primary
ORIEL BOYS HIGH,Secondary
ORIEL GIRLS HIGH,Secondary
ORTONS DRIFT,Primary
ORTON'S DRIFT,Secondary
OSABENI,Primary
OUR  LADY OF SORROWS PRIM,Primary
OXFORD,Primary
OZANA,Primary
PACHANZA,Primary
PACHANZA,Secondary
PACHIJE (ST STEPENS),Primary
PADDY'S VALLEY,Primary
PAFIWA MUTASA,Secondary
PAFIWA MUTASA,Primary
PAGATI ,Primary
PAGEJO RARUBI,Primary
PAGEJO RARUBI,Secondary
PAIDAMOYO ,Primary
PAKAME,Primary
PAKAME,Secondary
PAKATI,Secondary
PAKATI,Primary
PAMAVAMBO PRIVATE,Primary
PAMBE,Primary
PAMPOENPOORT ,Primary
PAMUSHANA,Secondary
PAMUSHANA,Primary
PAMWECHETE,Primary
PAMWECHETE,Secondary
PANGANAI,Secondary
PANGANAI,Primary
PANHOWE,Primary
PANSIKWE,Primary
PAPAMA,Primary
PARADZA,Primary
PARADZA PRIMARY,Primary
PARIRENYATWA,Primary
PARIREWA,Primary
PARIREWA HIGH,Secondary
PARKINSON,Secondary
PASHU PRIMARY,Primary
PASHU SEC,Secondary
PASICHIGARE,Primary
PASIPANYORO,Primary
PATANA,Primary
PATCHWAY MINE,Primary
PATHWAY PRIVATE,Primary
PATSE,Primary
PATSIKA,Primary
PAYARIRA,Primary
PAYE,Primary
PEACE  AND GOODHOPE,Primary
PEARSON  PRIMARY,Primary
PEDNOR,Primary
PEDZISAI,Primary
PELANDABA PRY,Primary
PELANDABA SDA,Primary
PELELA PRY,Primary
PELELE,Primary
PENEMENE,Primary
PENGWANA,Primary
PEPLOW,Primary
PERCY IBBOTSON,Primary
PEREGWE,Primary
PERTH,Primary
PETANI,Primary
PETERHOUSE,Secondary
PETRA,Primary
PETRA HIGH,Secondary
PEZULU,Primary
PFIMBI,Secondary
PFITSARO ,Primary
PFUMARI ,Primary
PFUMO,Primary
PFUMOIGURU,Primary
PFUMVUTI,Primary
PFUMVUTI ,Secondary
PFUNGIDZO,Secondary
PFUNYANGUWO,Secondary
PFUNYANGUWO,Primary
PFUPAJENA,Secondary
PFUPAJENA PRIMARY,Primary
PFUPI PRY,Primary
PHAHLELA,Primary
PHAKAMA,Secondary
PHAKAMA,Primary
PHAKAMANI  HIGH,Secondary
PHUMAKANYE,Primary
PHUMELELA SEC,Secondary
PHUMUZA,Primary
PICKSTONE PRIMARY,Primary
PIMAI,Primary
PIMBI,Primary
PIMENTO PARK,Primary
PINDI PARK,Primary
PINDI PARK,Secondary
PINEWOOD HIGH SCHOOL,Secondary
PINPER PRIMARY,Primary
PIONEER,Primary
PIRIVIRI,Primary
PLATINUM   ,Primary
PLUMTREE HIGH  HIGH,Secondary
POLI MAGAMA,Primary
PONDERASA,Secondary
PONDEROSA,Primary
POREPORE,Primary
PORTA,Primary
PORTA FARM,Secondary
PORTELET (BIRI),Secondary
PORTLAND,Primary
POSHAYI,Primary
POTE,Primary
POTE,Secondary
POTE,Primary
POTE,Secondary
PREMIER ESTATE,Primary
PREMIER HIGH ,Secondary
PRESBYTERIAN,Secondary
PRINCE EDWARD ,Secondary
PROSPECT,Primary
PROTEA PRIMARY,Primary
PUKUPELA,Primary
PUMULA,Secondary
PUMULA,Primary
PUNYUKA,Primary
PUPU SEC SCHOOL,Secondary
PUZANI,Primary
QUAGGA KLOOF,Primary
QUEEN ELIZABETH,Primary
QUEEN ELIZABETH GIRLS,Secondary
QUEENS MINE,Primary
QUEENSDALE,Primary
QUEENSDALE,Secondary
R C Z NYAJENA,Secondary
R J DAVIES,Primary
R.G.MUGABE,Primary
RAFFINGORA,Primary
RAFFINGORA SEC,Secondary
RAFOMOYO,Primary
RAFOMOYO,Secondary
RAIL WAY 28 PRIMARY,Primary
RAILWAY BLOCK,Primary
RAINHAM,Primary
RAINHAM,Secondary
RAKODZI HIGH,Secondary
RALPH,Primary
RAMBAKOMBWA,Secondary
RAMBAKURIMWA,Primary
RAMBAKUTEMWA,Secondary
RAMBAMAI PRIMARY,Primary
RAMBANAPASI,Secondary
RAMBANAPASI,Primary
RAMOFU,Primary
RAN MINE,Primary
RANGA,Primary
RANGA PRIMARY,Primary
RANGE,Primary
RANGEMORE,Primary
RANGEMORE,Primary
RARANGWE ,Primary
RATA PRIMARY,Primary
RATANYANA,Primary
RATANYANA,Secondary
RATELSHOEK,Secondary
RATELSHOEK,Primary
RATIDZO,Primary
RATIDZO KUBATANA,Primary
RATIDZO ZIMCARE,Primary
RATIDZO ZVIDOZVEVANHU,Primary
RAUDZI,Primary
RAYMONDALE,Primary
RAZI (MAKOVERE SOUTH),Secondary
REBAI,Primary
RED LICHEN,Primary
REDBANK ,Primary
REDBANK SECONDARY,Secondary
REDCLIFF,Primary
REGINA COELI,Secondary
REGINA COELI,Primary
REGINA MUNDI,Secondary
REGINA MUNDI ,Primary
REGINA MUNDI SEC,Secondary
REMITI,Primary
RENCO MINE PRIMARY,Primary
RENGWE,Primary
RENGWE,Secondary
RENGWE,Primary
RENGWE,Secondary
RENJE,Primary
RENZVA,Primary
RESTHAVEN,Primary
RHINO,Primary
RHINOZIBANGWE,Secondary
RHODES ESTATE PREPARATION,Primary
RICHMOND,Primary
RICHMOND,Secondary
RIDZIWI SEC,Secondary
RIMAI,Primary
RIMBI,Primary
RIMBI,Secondary
RIMUKA 1 HIGH,Secondary
RIMUKA 2 HIGH,Secondary
RIMUKA 3 HIGH,Secondary
RINESHANGA,Primary
RINETTE,Primary
RINGA,Secondary
RINGA,Primary
RINGANAYI,Primary
RINGARI,Primary
RIO  TINTO ZHOMBE,Secondary
RIO TINTO,Secondary
RIVER BLOCK,Primary
RIVER RANCH,Primary
RIVER VALLEY,Primary
RIVERDALE,Primary
RIVERLEA,Primary
RIVERS,Primary
RIVERSDALE,Primary
RIVERSIDALE,Secondary
RIVERSIDE,Primary
RIVERSIDE,Secondary
RIVERSIDE,Primary
RIVERSIDE,Primary
RIVERSIDE STIMULATION CEN,Primary
RIVERTON ACADEMY,Secondary
RIVERTON ACADEMY,Primary
ROBERT SINYOKA,Primary
ROBERT TREDGOLD,Primary
ROCKBAR,Primary
ROCKFORD,Primary
ROGATE,Primary
ROMOREHOTO,Primary
ROMOREHOTO,Secondary
RONDOR,Primary
RONGA,Primary
RONGA RONGA,Primary
RONGWE ,Secondary
ROOSEVELT,Secondary
ROSCOMMON,Primary
ROSETTA RUST,Primary
ROSETTA RUST SEC,Secondary
ROTA,Secondary
ROTA,Primary
ROWA,Secondary
ROWA,Primary
ROYDEN,Primary
ROYDEN,Secondary
RUBATSIRO,Primary
RUBWERUCHENA,Primary
RUBWERUCHENA,Secondary
RUCHANYU,Primary
RUCHANYU,Secondary
RUCHERA,Secondary
RUCHERA,Primary
RUDA,Primary
RUDAWIRO,Secondary
RUDAWIRO,Primary
RUDHANDA,Primary
RUDHANDA,Secondary
RUFARO,Primary
RUFARO,Secondary
RUFARO,Secondary
RUFARO,Secondary
RUFARO (KASANGO),Secondary
RUFARO PRIMARY,Primary
RUGARE,Primary
RUGORA,Primary
RUGOYI ST LUCY,Primary
RUHWERUMWE(Kadzunge),Secondary
RUJEKO,Primary
RUJEKO,Primary
RUJEKO,Secondary
RUJEKO,Secondary
RUJEKO PRIMARY,Primary
RUKANDA,Primary
RUKANGARE,Primary
RUKANGE,Primary
RUKARIRO,Primary
RUKARIRO,Secondary
RUKAU,Secondary
RUKAU,Primary
RUKOBA,Primary
RUKOBA,Secondary
RUKONDE,Primary
RUKOPE,Primary
RUKOVO,Secondary
RUKUDZO,Primary
RUKUMA,Secondary
RUKUNGUHWE,Primary
RUKURURWI,Primary
RUKWEZA,Primary
RUKWEZA,Secondary
RUMANJE,Primary
RUMANO,Primary
RUMHIZHA,Secondary
RUMINYA,Secondary
RUMWANDA,Secondary
RUMWANDA PRIMARY,Primary
RUNDE,Primary
RUNENE,Primary
RUNENE SEC,Secondary
RUNESU PRIMARY,Primary
RUNGAI PRIMARY,Primary
RUNHENGU,Primary
RUNWA,Primary
RUNYARARO,Primary
RUNYARARO,Primary
RUPANGE,Primary
RUPANGE,Primary
RUPANGE ,Secondary
RUPARE HIGH,Secondary
RUPATI PRIMARY,Primary
RUPEMBA,Primary
RUPEPWE,Primary
RUPERE,Primary
RUPFUNDE,Primary
RUPINDA,Secondary
RUPINDA,Primary
RUPIRI,Secondary
RUPIRI PRIMARY,Primary
RUSAMBO,Secondary
RUSAMBO,Primary
RUSAZA,Primary
RUSERE,Secondary
RUSERE PRIMARY,Primary
RUSHANGARUMWE,Primary
RUSHANGARUMWE,Primary
RUSHINGA,Primary
RUSHINGA HIGH,Secondary
RUSHUMBE,Primary
RUSIBE,Primary
RUSIKE,Secondary
RUSIKE,Primary
RUSIKE,Primary
RUSITU,Secondary
RUSITU VALLEY PAIDAMOYO (,Primary
RUSSELL,Primary
RUSTINGTON,Primary
RUSUNUNGUKO,Primary
RUSUNUNGUKO,Primary
RUSUNUNGUKO,Secondary
RUSUNUNGUKO,Primary
RUSUNUNGUKO,Secondary
RUSUNUNGUKO,Primary
RUSUNUNGUKO,Primary
RUSUNUNGUKO,Primary
RUSUNUNGUKO,Secondary
RUSUNUNGUKO,Primary
RUSUNUNGUKO  PRIMARY,Primary
RUSVINGE,Primary
RUSVINGE,Primary
RUSVINGO,Primary
RUSVINGO,Secondary
RUSVINGO  PRIMARY,Primary
RUT I ,Secondary
RUTANDARE PRIM,Primary
RUTANHIRA,Secondary
RUTANHIRA,Primary
RUTARA,Primary
RUTARA,Secondary
RUTEDZE PRIMARY,Primary
RUTENDO,Primary
RUTENDO,Secondary
RUTENDO,Secondary
RUTENDO GOVERNMENT,Primary
RUTENGA,Primary
RUTENGA,Secondary
RUTENGENI,Primary
RUTI ,Primary
RUTOPE (CHINDOTWE),Secondary
RUTSATE,Primary
RUTUKA,Primary
RUTUNGA,Primary
RUUKE ST CYPRIAN,Primary
RUURA,Primary
RUURAUGWI,Primary
RUVABVU,Primary
RUVANGWE,Primary
RUVHENEKO,Primary
RUVHENEKO,Primary
RUVHURE,Secondary
RUVIMBO,Primary
RUVIMBO,Primary
RUVIMBO SPECIAL,Primary
RUVUZHE,Primary
RUWA,Primary
RUWANGWE ,Secondary
RUWANI,Secondary
RUWANI,Primary
RUWARE,Primary
RUWARE,Primary
RUWEDZA,Primary
RUWEDZA B  PRY,Primary
RUWINGA,Primary
RUWOMBWE,Secondary
RUYA,Primary
RUYA,Primary
RUYA ADVENTIST,Secondary
RUZAMBU PRIMARY,Primary
RUZAWI,Primary
RUZENGWE,Secondary
RUZIVO,Primary
RUZOGWE,Primary
RWAMBA,Primary
RWAMBIWA,Primary
RWAVAMUTANGWI,Primary
RWEHANGA,Primary
RWENHOMBO,Primary
RWERE,Primary
RWIZI GAVAZA,Secondary
RYDINGS,Primary
S.O.S.HERMANN GMEINER,Primary
SABA,Primary
SABABA,Primary
SABALA,Primary
SABI,Primary
SABI VALLEY,Primary
SABIWA,Secondary
SABIWA,Primary
SABLE     HEIGHTS,Primary
SABLE RANCH PRIMARY,Primary
SABVURE,Primary
SACHIWO,Primary
SACRED  HEART  OF JESUS,Primary
SACRED HEART,Secondary
SACRED HEART,Primary
SACRED HEART,Primary
SADOMA,Primary
SADOMA EXT CHIPO,Primary
SADOMA EXTENSION,Secondary
SADOMBA,Primary
SADZA,Secondary
SADZA,Primary
SADZANGWENA,Primary
SADZE,Primary
SADZIWA,Primary
SAGAMBE,Secondary
SAGAMBE,Primary
SAGONDA,Primary
SAGONDA,Primary
SAGWARI,Secondary
SAHUMANI,Primary
SAHUMANI,Secondary
SAKAROMBE,Primary
SAKUBVA,Primary
SAKUBVA 1,Secondary
SAKUBVA 2 (RUSHINGO),Secondary
SAKUINJE,Primary
SALE CAMP,Primary
SALLY MUGABE HEIGHTS,Primary
SAMAHURU ,Secondary
SAMAHURU SDA PRY,Primary
SAMAMBWA,Secondary
SAMAMBWA,Primary
SAMANGA,Primary
SAMANYANGA,Primary
SAMANYIKA,Primary
SAMARINGA,Primary
SAMARINGA,Secondary
SAMATHONGA,Primary
SAMATINHA,Primary
SAMATINHA,Secondary
SAMBA  - (MAPFUPAAMUKA),Secondary
SAMENDE PRIMARY,Primary
SAMHUTSA,Secondary
SAMHUTSA,Primary
SAMLODI,Primary
SAMPAKARUMA,Secondary
SAMPAKARUMA,Primary
SAMU,Secondary
SAMU ,Primary
SAMURIWO,Primary
SAMUTETE (ST MACHAEL,Primary
SANANGWE,Primary
SANDARA,Primary
SANDAWANA,Primary
SANDAWANA MINE,Primary
SANDO,Primary
SANDRINGHAM,Primary
SANDRINGHAM,Secondary
SANDRINGHAM,Primary
SANGA ,Primary
SANGOJENA,Primary
SANGULUBE,Primary
SANGULUBE  SEC,Secondary
SANGWE,Secondary
SANGWE,Primary
SANHANI,Primary
SANKONJANA,Primary
SANYAMAROPA,Primary
SANYATI BAPTIST,Primary
SANYATI BAPTIST HIGH,Secondary
SANYATI SEC,Secondary
SANYE,Primary
SANZAGURU,Secondary
SANZUKWI,Primary
SANZUKWI,Secondary
SANZVENGA,Primary
SAPA,Primary
SAPA,Secondary
SAPARANYAMBUYA,Primary
SARAHURU,Primary
SARUKWEZA,Primary
SARUWE,Secondary
SARUWE JUNIOR,Primary
SASAME,Primary
SASEDZA,Primary
SASIKARITANDA ,Secondary
SASULA,Primary
SATENGWE,Primary
SAUNYAMA,Primary
SAVANNAH,Primary
SAVANNAH,Primary
SAVARANDA,Primary
SAWI,Primary
SAWI (GWARISONDE),Secondary
SAWIRANGWANDA,Primary
SAWIRANGWANDA,Secondary
SAWMILLS PRIMARY,Primary
SAWMILLS SEC,Secondary
SAYI,Secondary
SAYI,Primary
SAZAUME,Primary
SAZIYABANA,Primary
SCAFELL,Primary
SCOTSDALE,Primary
SEANGA ,Primary
SEBAKWE,Primary
SEBANANI,Primary
SEBHUMANE,Primary
SEBOZA,Primary
SEBUNGWE MOUTH PRIMARY,Primary
SEDZE,Primary
SEFULA PRIMARY,Primary
SEKE,Secondary
SEKE,Primary
SEKE  5  BUDIRIRAI PRI,Primary
SEKE  6  DZIDZAI   PRIM,Primary
SEKE  8   VIMBAI  PRIM,Primary
SEKE  I  HIGH,Secondary
SEKE 2 HIGH,Secondary
SEKE 3 HIGH,Secondary
SEKE 4 HIGH,Secondary
SEKE 5 HIGH,Secondary
SEKE 6 HIGH,Secondary
SEKE 7 PRIM,Primary
SEKE ELEVEN,Primary
SEKE MHURIIMWE ,Secondary
SELBORNE,Primary
SELBORNE ROUTLEDGE,Primary
SELIMA,Primary
SELIMA,Secondary
SELONGA,Primary
SELONGA,Secondary
SELOUS TOBACCO,Primary
SELUKWE,Primary
SELUKWE PEAK,Primary
SEMBEULE,Primary
SEMUKELENI,Primary
SENGA,Secondary
SENGA ,Primary
SENGAI ,Primary
SENGEZANE,Primary
SENGEZI,Primary
SENGEZI,Primary
SENGEZI,Secondary
SENGWA,Primary
SENGWE,Primary
SENGWE,Primary
SENGWE  SEC,Secondary
SENKWAZI ST PAULS ,Primary
SENONDO,Primary
SENZANGAKHONA,Primary
SERIMA,Secondary
SESEMBA,Primary
SETSHANKE,Primary
SETSHANKE,Secondary
SEULA,Secondary
SEULA,Primary
SEVAKA,Primary
SHABA,Primary
SHABANI,Primary
SHABANIE MINE,Primary
SHABULA,Primary
SHACKLETON,Primary
SHAGARI ,Primary
SHAKASHE,Primary
SHAKAVANHU,Primary
SHAKE,Primary
SHALE,Primary
SHALE,Secondary
SHALOM,Primary
SHALOM SECONDARY,Secondary
SHAMBA,Primary
SHAMBA,Primary
SHAMBA,Primary
SHAMBAVARUNGU,Primary
SHAMU,Secondary
SHAMU,Primary
SHAMVA,Primary
SHAMVA LOW DENSITY,Primary
SHAMVA SECONDARY,Secondary
SHANGANI,Primary
SHANGANI,Secondary
SHANGURE,Primary
SHANGWE,Primary
SHAPE,Primary
SHARARA,Secondary
SHARARA,Primary
SHARAUDE ,Primary
SHARON,Primary
SHARON COHEN SPECIAL,Primary
SHASHANE,Primary
SHASHANE ,Secondary
SHASHE,Primary
SHASHI,Primary
SHASHI TSHIMIMILE,Secondary
SHASHI VIEW,Primary
SHAURO,Primary
SHAYAMAVHUDZI,Primary
SHAZHAUME,Primary
SHEBA,Primary
SHEBA,Primary
SHEKWA,Primary
SHEKWA,Secondary
SHENI,Primary
SHENJERE ,Primary
SHERENJE,Secondary
SHERENJE,Primary
SHERUKURU,Secondary
SHERUKURU,Primary
SHERWOOD,Primary
SHERWOOD,Secondary
SHERWOOD PARK,Primary
SHIKU,Primary
SHINDI,Secondary
SHINDI PRIMARY,Primary
SHINGA,Secondary
SHINGA,Primary
SHINGAI GOVERNMENT,Primary
SHINGAYI,Primary
SHINGAYI,Primary
SHINGIRAYI,Primary
SHINGIRIRAI,Primary
SHINGIRIRAI,Primary
SHINGIRIRAI,Primary
SHINGIRIRAYI,Secondary
SHINGWIRI,Primary
SHINJA,Primary
SHINJA 'B' MUTSAMVU PRY,Primary
SHIRI,Primary
SHIRICHENA,Primary
SHIRIYEDENGA,Primary
SHONGAMITI,Secondary
SHONGANISO PRIMARY,Primary
SHOPO,Primary
SHREWSBURY,Primary
SHUMAGANGE,Primary
SHUMBA ,Primary
SHUMBA PRIMARY,Primary
SHUMBAHAINYARI,Secondary
SHUMBAIRERWA,Primary
SHUMBAIRERWA,Secondary
SHUMBASHAVA,Primary
SHUMBAYAONDA,Primary
SHUNDURE,Secondary
SHUNDURE,Primary
SHUNGU,Secondary
SHUPA,Primary
SHURUGWI NO2,Secondary
SHUTU,Primary
SHUTU,Secondary
SIABUWA ,Primary
SIABUWA SEC,Secondary
SIACHILABA,Primary
SIACHILABA,Secondary
SIADINDI,Primary
SIAKOBVU,Primary
SIAMUPA,Primary
SIANSALI PRIMARY,Primary
SIANSUNDU,Primary
SIANSUNDU SEC,Secondary
SIANUNGU,Primary
SIANYANGA,Primary
SIBAMBENE SEC,Secondary
SIBANESEZWE,Primary
SIBANGANI,Primary
SIBANGANI,Secondary
SIBANGANI ST XAVIER,Primary
SIBANTUBANYE,Primary
SIBHATA SECONDARY,Secondary
SIBOLISE,Primary
SIBOMVU,Secondary
SIBONA,Primary
SIBONA,Secondary
SIBOZA,Primary
SIBUJULU,Primary
SIBULA,Primary
SIBULA ,Secondary
SIBUNDILE,Primary
SICHITUMBA  PRIMARY,Primary
SICHONGO,Primary
SIDAKENI,Secondary
SIDAKENI PRY,Primary
SIDINDA,Primary
SIDINGULWAZI,Primary
SIDZIBE,Primary
SIDZIBE SEC SCHOOL,Secondary
SIGANDA,Primary
SIGANDA ,Secondary
SIGARO,Primary
SIGITI,Primary
SIGOLA,Primary
SIGOMBE,Primary
SIGONDE,Primary
SIGONDE SEC,Secondary
SIHANDE,Primary
SIHAZELA,Primary
SIHLENGENI,Primary
SIHLENGENI,Secondary
SIHLENGENI,Primary
SIHWABA,Primary
SIJAUKE,Primary
SIJAUKE SECONDARY,Secondary
SIKABELA PRY,Primary
SIKANYISO,Primary
SIKATI,Primary
SIKATO PRIMARY,Primary
SIKENTE,Primary
SIKENTE ,Secondary
SIKHATHINI,Secondary
SIKHOBO,Primary
SIKHOBOKHOBO,Primary
SIKHOVENI,Secondary
SIKHOVENI,Primary
SIKHULILE,Secondary
SIKOMBINGO,Secondary
SIKOMBINGO ,Primary
SIKOMENA 2,Primary
SIKOMENA CENTRE,Primary
SIKONA,Primary
SIKUMBA TSHOKOTSHE,Primary
SIKUMBI,Primary
SIKWITI,Secondary
SIKWITI,Primary
SILAWA,Primary
SILIKWE,Primary
SILIMA,Primary
SILOBELA,Secondary
SILOBI,Primary
SILOBI,Secondary
SILONKWE,Primary
SILOZWE,Primary
SILOZWE,Secondary
SILVEIRA HIGH,Secondary
SILVERHILLS,Primary
SILVERMOON TAKUNDA,Primary
SILVERSTROOM,Primary
SILWANE,Primary
SIMAKADE,Primary
SIMALIZA,Primary
SIMANA,Primary
SIMANA,Secondary
SIMANGANI,Primary
SIMANYANE,Primary
SIMATELELE,Secondary
SIMATELELE ,Primary
SIMBALA PRIMARY,Primary
SIMBANEGAVI,Primary
SIMBAREDENGA,Primary
SIMBAREDENGA,Secondary
SIMBAREVANHU HIGH,Secondary
SIMBE,Primary
SIMBO,Secondary
SIMBO,Primary
SIMBUMBUMBI,Secondary
SIMBUMBUMBU,Primary
SIMCHEMBU,Secondary
SIMCHEMBU 1,Primary
SIMCHEMBU 11,Primary
SIMCHEMBU 2,Secondary
SIMON MAZORODZE ,Secondary
SIMOONA,Secondary
SIMOONA ESTATE,Primary
SIMPANE,Primary
SIMPATI,Primary
SIMUDZAI,Primary
SIMUDZIRAI PRIMARY,Primary
SIMUKAI,Primary
SIMUKAI,Primary
SIMUKAI,Secondary
SIMUKAI,Primary
SIMUNYU,Primary
SINAKOMA,Secondary
SINAMAGONDE PRIMARY,Primary
SINAMATELLA,Primary
SINAMI,Primary
SINAMPANDE,Primary
SINAMPANDE,Secondary
SINAMSANGA,Secondary
SINAMSANGA PRIMARY,Primary
SINAMWENDA ,Primary
SINANSENGWE,Secondary
SINANSENKWE PRIMARY,Primary
SINGENI,Primary
SINGENI ,Secondary
SINGWAMBIZI,Primary
SINGWANGO,Secondary
SINGWANGO  1,Primary
SINGWANGO  2,Primary
SINGWANGOMBE,Primary
SINKAMASWE,Primary
SINKUKWE,Primary
SINOIA,Primary
SINOTSI,Primary
SINQOBILE,Primary
SINQOBILE ,Primary
SIPEMBA,Primary
SIPEPA,Primary
SIPEPA SEC,Secondary
SIPHEZINI,Primary
SIPHONGWENI,Primary
SIPOPOMA,Primary
SIR ELIAS OF CHIEDZA,Primary
SIR HUMPHREY GIBBS,Primary
SIR HUMPHREY GIBBS,Primary
SIR JOHN KENEDY ,Primary
SIR ROY WELENSKY,Primary
SIR WILFRED ANSON,Primary
SISHAWE,Primary
SISSYVALE,Primary
SITEZI,Primary
SITEZI,Secondary
SIVALO,Primary
SIVANGA,Primary
SIVOMO,Primary
SIVOMO ,Secondary
SIVU,Primary
SIVUMA / LYNOS,Primary
SIWAZI,Primary
SIWAZI HIGH,Secondary
SIYAHOKWE HIGH,Secondary
SIYALIMA,Primary
SIYAMAGOZA SEC,Secondary
SIYANGAYA,Primary
SIYAPHAMBILI,Secondary
SIYAZAMA,Primary
SIYAZAMA,Secondary
SIYEZI ,Primary
SIYOKA,Secondary
SIZALENDABA,Secondary
SIZANANI,Primary
SIZANE,Secondary
SIZEMBA,Secondary
SIZEMBA PRIMARY,Primary
SIZEZE,Primary
SIZINDA,Secondary
SIZIPHILE PRIMARY,Primary
SK SECONDARY MOYO/NSINDI,Secondary
SKIDDAW,Secondary
SKOPO (SDA) ,Secondary
SKOPO SDA,Primary
SLAUGHTER,Primary
SOBENDLE,Primary
SOBUKHAZI ,Secondary
SODBURY,Primary
SODBURY,Secondary
SOGWALA,Primary
SOHWE,Primary
SOHWE,Secondary
SOJINI SEC,Secondary
SOLUSI,Primary
SOLUSI  ADVENTIST   HIGH ,Secondary
SOLUSWE,Primary
SOMA,Primary
SOMA,Secondary
SOMABHULA ,Primary
SOMAKWILILI,Primary
SOMALALA ,Primary
SOMALALA RUJEKO,Secondary
SOMANKANTANA,Primary
SOMANKONYANE SEC,Secondary
SOMAPANI ,Primary
SOMERSET,Primary
SOMGOLO ,Primary
SOMHLANGA,Primary
SOMLIMO,Primary
SOMOZA,Primary
SOMPHAKATHI ,Primary
SOMTHANYELO,Primary
SOMVUBU ,Secondary
SONE,Primary
SONGALALO,Primary
SONGALALO SECONDARY,Secondary
SONGWA,Secondary
SONGWA PRIMARY,Primary
SONKWA HILL,Primary
SONTALA,Secondary
SONTALA,Primary
SORO ,Primary
SOS HERMANN GMEINER,Secondary
SOS MAIZELANDS,Primary
SOS MAIZELANDS,Secondary
SOSERA,Primary
SOTI SOURCE,Secondary
SOUTH EASTERN COLLE,Secondary
SOUTHDOWN,Primary
SOUTHERN AFRICA INTERNATI,Primary
SOUTHERTON,Primary
SOUTHHILL,Primary
SOUTHLAWN,Primary
SOUTHLEA PARK,Primary
SOUTHLEA PARK ,Secondary
SOVONDO,Primary
SOWA,Primary
SPRING,Primary
SPRINGVALE HOUSE,Primary
ST   PATRICKS,Secondary
ST  ALBAN,Secondary
ST  BERNARD,Secondary
ST  BERNARDS NYATSAMBO,Primary
ST  CLAVER NYIKA,Primary
ST  FAITH,Secondary
ST  JOHNS  CHIFAMBA,Secondary
ST .ALBANS,Secondary
ST .PHILLIPS MAGWENYA,Primary
ST AIDANS,Primary
ST ALBAN,Primary
ST ALBANS,Primary
ST ALBANS,Primary
ST ALOIS CHIDHAU,Primary
ST AMBROSE MATIBI,Primary
ST ANDREW'S CHIPASHU,Primary
ST ANDREWS CORSINI,Primary
ST ANNA,Secondary
ST ANNA,Primary
ST ANNA MERE,Primary
ST ANNES (GOTO),Secondary
ST ANNES GOTO,Primary
ST ANN'S SADZA,Primary
ST ANTHONY,Primary
ST ANTHONY,Secondary
ST ANTHONY ZVIDHURI,Primary
ST ANTHONYS MADHEU,Primary
ST ANTONY'S ZVIDHURI,Secondary
ST AUGUSTINE,Secondary
ST AUGUSTINE,Secondary
ST AUGUSTINE,Primary
ST AUGUSTINE CHAPWANYA,Primary
ST BARBARA,Secondary
ST BARBARAS,Primary
ST BARNABAS (MADZIMBABWE),Secondary
ST BARNABAS CHIRAU,Primary
ST BARNABAS USHE,Primary
ST BASIL CHIBIKIRA,Primary
ST BENEDICTS,Secondary
ST BERNARD,Primary
ST BERNARD,Primary
ST BERNARDS,Secondary
ST BERNARDS,Primary
ST BONIFACE,Secondary
ST BONIFACE TARE,Primary
ST CASSIAN,Secondary
ST CATHRINE CHIMATIRA,Primary
ST CHAD MAPUMBU,Primary
ST CHARLES,Primary
ST CHARLES LWANGA,Secondary
ST CHARLES MAVHUDZI,Secondary
ST CHARLES SEC,Secondary
ST CHRISTOPHER,Primary
ST CHRISTOPHERS,Primary
ST CLARES,Primary
ST CLEMENTS,Primary
ST COLUMBAS,Primary
ST COLUMBUS,Secondary
ST COLUMBUS,Primary
ST COLUMBUS,Secondary
ST CUTHBETHS MSORO,Primary
ST CYPRIANS,Primary
ST DAVID,Secondary
ST DAVID'S BONDA,Primary
ST DAVIDS NYANDORO,Secondary
ST DAVID'S NYANDORO,Primary
ST DOMINIC,Secondary
ST DOMINIC NORA,Primary
ST DOMINIC'S,Secondary
ST DOMINICS CHISHAWASHA,Secondary
ST ERIC,Secondary
ST ERIC,Primary
ST FAITH NYOKANDOVE,Primary
ST FAITH'S,Primary
ST FRANCIS,Secondary
ST FRANCIS,Primary
ST FRANCIS MATANGA,Primary
ST FRANCIS OF ASSISI,Secondary
ST FRANCIS PETER HOUSE,Primary
ST FRANCIS PRIMARY,Primary
ST FRANCIS RC,Primary
ST FRANCIS UDEBWE,Primary
ST FRANCIS XAVIER,Primary
ST GABRIEL NYUNDO,Primary
ST GEORGE,Primary
ST GEORGES,Primary
ST GEORGES (ZVEMBIRA),Secondary
ST GEORGES MBUNDIRE,Primary
ST GEORGES MUCHENA,Primary
ST GILES,Primary
ST GILES HIGH,Secondary
ST HENRY,Primary
ST HENRY CHIKURUMADZIWA,Secondary
ST HUGHES USHEWOKUNZE,Secondary
ST HUGH'S USHEWOKUNZE,Primary
ST IGNATIUS,Primary
ST IGNATIUS COLLEGE,Secondary
ST IGNATIUS MAGADZIRE,Primary
ST IGNATIUS NYATSAMBO,Primary
ST JAMES CHIVAMBA,Secondary
ST JAMES CHIVAMBA,Primary
ST JAMES CRAIG,Primary
ST JAMES MAMINA,Primary
ST JAMES MUSENA,Primary
ST JAMES MUZAMBI,Primary
ST JAMES NYAMUPARA,Primary
ST JAMES ZONGORO,Secondary
ST JAMES ZONGORO,Primary
ST JODOKUS,Primary
ST JOHN,Primary
ST JOHN MAPFUMO,Primary
ST John MUPANGURI PRY,Primary
ST JOHNS,Secondary
ST JOHN'S  MABVENGWA (MT.,Secondary
ST JOHNS CHIFAMBA,Primary
ST JOHNS KAVUNIKWA,Primary
ST JOHNS MANINGA,Primary
ST JOHNS MATARUTSE,Primary
ST JOHN'S MATSVAI,Primary
ST JOHNS THE APOSTLE,Secondary
ST JOHNS WESTONBANK,Primary
ST JOSEPH  MADHANHA,Primary
ST JOSEPH (MUTARE),Primary
ST JOSEPH CHISHAWASHA,Primary
ST JOSEPH MUPEREKI,Primary
ST Joseph RUSAPE,Primary
ST JOSEPH TONGOONA,Secondary
ST JOSEPHINE BAKHITA,Primary
ST JOSEPHS,Primary
St JOSEPHS,Primary
ST JOSEPH'S,Secondary
ST JOSEPH'S,Secondary
ST JOSEPHS HIGH SCHOOL,Secondary
ST JOSEPHS MABURUTSE,Primary
ST JOSEPHS MUNZVERENGI,Primary
ST JOSEPHS MUNZVERENGI,Secondary
ST JUDE,Primary
ST JUDES  MHAZHE,Secondary
ST JUDES PRY,Primary
ST KILIAN'S PRY,Primary
ST KILLIAN'S,Secondary
ST KIZITO GUMUNYU,Primary
ST KIZITO MAKAURE,Primary
ST LIOBAS MARINGAMBIRE,Primary
ST LUCY,Primary
ST LUCY MUKARATI,Primary
ST LUCY 'S GUKUTA ,Primary
ST LUDGER,Secondary
ST LUDGER,Primary
ST LUKES MAKONI PRY,Primary
ST MARGARET,Secondary
ST MARGARET CHIGODORA,Primary
ST MARIA,Primary
ST MARK,Secondary
ST MARK'S DIOCESAN PRIMAR,Primary
ST MARKS GONESO,Primary
ST MARKS NEUSO,Primary
ST MARNOCKS,Primary
ST MARNOCKS,Secondary
ST MARTIN,Primary
ST MARTINS,Secondary
ST MARTIN'S,Primary
ST MARTINS ,Primary
ST MARTIN'S MHOMHO,Primary
ST MARTINS NYAMWEDA,Primary
ST MARY,Secondary
ST MARY,Primary
ST MARY MAGADALENE,Secondary
ST MARY MAKANDA,Primary
ST MARY'S,Secondary
ST MARY'S  MAKANDA,Secondary
ST MARYS CHIKANGA,Secondary
ST MARY'S EARLY LEARNING ,Primary
ST MARY'S EBEN,Primary
ST MARYS GAVHUNGA,Primary
ST MARY'S KASAWE ,Primary
ST MARYS PRIVATE,Primary
ST MATHEWS NGUNDU,Primary
ST MATHIAS RUSWA,Secondary
ST MATHIAS RUSWA,Primary
ST MATTHEWS,Primary
ST MATTHIAS RUKUMA,Primary
ST MATTHIAS TSONZO,Primary
ST MATTHIAS TSONZO,Secondary
ST MICHAEL,Secondary
ST MICHAEL,Primary
ST MICHAEL,Primary
ST MICHAELS,Secondary
ST MICHAELS,Primary
ST MICHAELS,Secondary
ST MICHAELS,Primary
ST MICHAELS,Secondary
ST MICHAEL'S,Primary
ST MICHAEL'S ASCOT,Primary
ST MICHAELS MAMBO,Primary
ST MICHAELS TONOGARA,Secondary
ST MONICA,Secondary
ST MONICAS,Primary
ST NICHOLAS MUSEMBURI,Primary
ST NOAH,Primary
ST NOAH SECONDARY,Secondary
ST OSWALDS,Secondary
ST OSWALDS ZIMHINDO,Primary
ST PATRICK,Primary
ST PATRICKS,Secondary
ST PATRICKS NYANYADZI,Primary
ST PATRICKS PRY,Primary
ST PAUL,Primary
ST PAUL,Primary
ST PAUL BENHURA,Primary
ST PAUL SANGO,Primary
ST PAUL-CHINHENGA,Secondary
ST PAULS GOKWE,Secondary
ST PAULS MUSAMI,Secondary
ST PAULS SANGO,Secondary
ST PAUL'S(MUSAMI),Primary
ST PETER,Secondary
ST PETER CLAVER,Secondary
ST PETER CLAVER,Primary
ST PETER CLAVER GANGARE,Primary
ST PETER GUDZA,Primary
ST PETER MAKWARIMBA,Primary
ST PETER MAKWARIMBA,Secondary
ST PETER TOKOYO PRY,Primary
ST PETERS,Primary
ST PETERS  MUSONZA,Primary
ST PETERS GOKOMERE,Primary
ST PETERS JOMBE,Secondary
ST PETERS MANDEYA,Primary
ST PETERS MANDEYA,Secondary
ST PETER'S MATUNHIKE,Primary
ST PHILIPS MBONJE,Secondary
ST PHILLIPS MBONJE,Primary
ST PIUS KUMUSORO,Primary
ST PIUS MUKOTA,Primary
ST RAPHAEL,Primary
ST ROBERTS DZOVA,Primary
ST ROBERTS DZVOVA,Secondary
ST RUPERT MAYER CHIGARO,Primary
ST RUPERTS,Secondary
ST SAVIOUS MARISAMHUKA,Primary
ST SEBASTIAN,Secondary
ST SEBASTIAN,Primary
ST SEVERINO RUWERE,Primary
ST STANISLAUS PRIMARY,Primary
ST STEPHEN MAKURUMURE,Primary
ST STEPHENS NYAZURA PRY,Primary
ST STEPHENS(CHIHWARARE),Secondary
ST THERESA,Secondary
ST THERESA,Primary
ST THERESA,Primary
ST THERESA,Primary
ST THERESA NEHANDA,Primary
ST THERESA PRIMARY,Primary
ST THERESE PRY,Primary
ST THOMAS,Primary
ST THOMAS AQUINAS,Primary
ST THOMAS AQUINAS,Secondary
ST THOMAS AQUINAS,Primary
ST THOMAS COMMITTEE,Primary
ST THOMAS DUNGU,Primary
ST VINCENT,Secondary
ST VINCENT NORA,Primary
ST VITALIS ,Primary
ST WERBURGH'S,Secondary
ST WERBURGH'S,Primary
ST.  JOSEPH,Primary
St. Bartholomew Chiware,Primary
ST. BASIL'S,Secondary
ST. CATHERINE SPEC.,Primary
ST. CLARE'S,Secondary
ST. CUTHBERT'S  GASANYAMA,Primary
ST. FRANCIS TSHITSHI SEC,Secondary
ST. GEORGES,Secondary
ST. JOHNS,Secondary
ST. JOHNS,Secondary
ST. JOHNS PREPARATORY,Primary
ST. JOHNS RETREAT,Primary
St. JOSEPHS MABURUTSE,Secondary
ST. LUCY,Secondary
ST. MARTINS CONVENT,Primary
ST. MARY,Primary
ST. MARYS KASAWE,Secondary
ST. MICHAEL,Primary
ST. MICHAEL PREP,Primary
ST. PETERS,Primary
ST. PETERS KUBATANA HIGH,Secondary
ST. PHILIPS MUKAMBA ,Primary
ST. THERESA,Secondary
ST. WILFRED,Primary
ST.ALBERTS,Secondary
ST.ALBERTS,Primary
ST.BARNABAS GOMO,Primary
ST.BASILS,Primary
ST.FRANCIS  AND CLARE,Secondary
ST.FRANCIS(ZIVANAI),Secondary
ST.JAMES,Primary
ST.JAMES SEC,Secondary
ST.JOHNS,Primary
ST.PHILIPS MAGWENYA,Secondary
ST.SIMON ZHARA,Primary
ST.STANISLAUS,Secondary
STANLEY,Primary
STANMORE,Primary
STANMORE,Secondary
STAPLEFORD,Primary
STERKSROOM ,Secondary
STORIS GOLDEN SHAFT,Primary
STRATFORD,Primary
STRATHDON,Secondary
SUKASIHAMBE,Primary
SUKWE,Primary
SUKWE ,Primary
SUMBE,Secondary
SUN YET SEN,Primary
SUNGANAI,Secondary
SUNGANAYI ,Primary
SUNGUBVI,Primary
SUNGWI,Primary
SUNGWIZA,Primary
SUNNINGDALE 2 PRIM,Primary
SUNNINGDALE I PRIM,Primary
SUNNYBANK,Primary
SUPWI,Primary
SUTTON MINE,Primary
SUTTON MINE ,Secondary
SUWOGURU,Primary
SVIBA,Primary
SVIBE,Secondary
SVIKA,Secondary
SVIKIRO PRY,Primary
SVINGARIMWE,Secondary
SVINURAI,Secondary
SVINURAI ST CLARA,Primary
SVISVI,Primary
SVITA,Primary
SVITA,Secondary
SVUURE,Secondary
SVUURE PRIMARY,Primary
SWAZI,Primary
SWAZI,Secondary
SWEREKI,Primary
SWISHA,Primary
SYDNEY MALUNGA,Primary
SYDNEY MALUNGA (MATOPOS ,Primary
T. C. HARDY,Secondary
TABALWA,Primary
TABEX BURLEY UNIT,Primary
TABLELANDS PRIMRY SCH,Primary
TABUDIRIRA,Primary
TABUDIRIRA,Secondary
TABUDIRIRA HIGH,Secondary
TACHI,Primary
TADZEMBWA PRIMARY,Primary
TADZIKAMIDZI,Primary
TAFADZWA,Primary
TAFADZWA,Secondary
TAFADZWA,Primary
TAFADZWA PRIMARY,Primary
TAFADZWA PRY,Primary
TAFARA,Primary
TAFARA,Primary
TAFARA,Primary
TAFARA,Secondary
TAFARA,Primary
TAFARA,Secondary
TAFARA  1,Primary
TAFARA 2 HIGH,Secondary
TAFARA 5,Primary
TAFARA HIGH,Secondary
TAFARA I HIGH,Secondary
TAFARA VENICE,Secondary
TAFARA VENICE,Primary
TAFIRA,Primary
TAFIRA SEC,Secondary
TAGARIKA,Primary
TAGARIKA,Primary
TAGARIKA,Primary
TAGARIKA (ALABAMA),Secondary
TAGONA HIGH,Secondary
TAGWINYA,Primary
TAGWIREI ,Primary
TAGWIREYI,Primary
TAHANGANA  HIGH,Secondary
TAIGARA,Primary
TAIGARA ,Secondary
TAKADEVHU ,Primary
TAKAENGWA,Primary
TAKALIAWA,Primary
TAKAVARASHA ,Primary
TAKUNDA,Primary
TAKUNDA,Primary
TAKUNDA,Primary
TAKUNDA,Secondary
TAKUNDA,Primary
TAKUNDA,Primary
TAKUNDA,Secondary
TAKUNDA ,Primary
TAKUNDA PRIMARY,Primary
TAKURA,Secondary
TAKURA,Primary
TAKWIRIRA,Primary
TAKWIRIRA,Secondary
TAKWIRIRA,Primary
TAMANDAI,Secondary
TAMANDAI,Primary
TAMBAWADYA,Primary
TAMBUDZAI,Secondary
TAME,Primary
TAMUKA,Primary
TAMUKA,Secondary
TAMUKA KAPENA,Primary
TAMUNESA,Primary
TANAKA,Secondary
TANDI ST COLUMBUS,Primary
TANGANDA,Primary
TANGENHAMO,Primary
TANGENHAMO,Secondary
TANGENHAMO,Primary
TANGLE RANCH,Primary
TANGWENA,Primary
TANGWENA,Secondary
TAPEDZWA ,Primary
TAPFUMA,Primary
TAPIWA,Primary
TAPUDZAI,Primary
TARE  ST BONIFACE,Secondary
TAREWA,Primary
TARINGANA (RUPEPWE),Secondary
TARIRO ,Primary
TARKA,Primary
TARU ,Primary
TARUNGOWA,Primary
TASHINGA,Primary
TASHINGA,Primary
TASHINGA,Primary
TASHINGA,Primary
TASHINGA,Primary
TASHINGA,Primary
TASHINGA  (GRASSFLATS B) ,Primary
TASHINGA PRIMARY,Primary
TASIMUKIRA,Primary
TASUNGANA,Primary
TATEGULU PRIMARY,Primary
TATEGURU,Primary
TATORAIVHU,Primary
TAVANEVHU,Secondary
TAVANEVHU,Primary
TAVOY,Secondary
TAVOY ,Primary
TAWSTOCK,Primary
TAWSTOCK,Secondary
TAZVINZWA PRY,Primary
TAZVIONA,Primary
TAZVIONA 'B' MZILA,Primary
TEAKDALE,Primary
TEMBILE,Primary
TEMERAIRE,Secondary
TEMERAIRE ,Primary
TEMPLETON,Primary
TENDA,Primary
TENDANAYI,Primary
TENDAYI,Primary
TENDERA,Primary
TENGWE,Primary
TENGWE,Secondary
TENNYSON,Primary
TENNYSON HLABANGANA ,Secondary
TERRY GOSS,Secondary
THABANCHU,Primary
THE GRANGE CHRISTIAN SCHO,Primary
THE LOGS EMPOWERMENT GIRL,Secondary
THEKWANE,Primary
THEKWANI HIGH,Secondary
THEMBISO,Primary
THETSHANENI ,Primary
THEYDON,Primary
THEYDON,Secondary
THISTLE,Primary
THOKOZA ,Primary
THOKOZANI,Primary
THOKOZANI,Primary
THOKOZANI,Secondary
THOMAS COULTER,Primary
THOMAS MEIKLE PAGAMA,Primary
THOMAS RUDLAND,Primary
THORNCROFT PARK,Primary
THORNHILL,Secondary
THORNHILL  SATELLITE ,Primary
THORNTON,Primary
THREE BRIGADE,Primary
THRUMS,Primary
THUTHUKANI,Primary
TICHADYA,Primary
TICHAKUNDA  MKOKA,Secondary
TIGER REEF,Primary
TIGER REEF,Secondary
TIKI PRIMARY,Primary
TILBURY,Primary
TINDE,Primary
TINDE SEC,Secondary
TINOKWIRIRA SPEC.,Primary
TIP TOP PEACE,Primary
TIRIZI,Secondary
TIRIZI ,Primary
TIVERTON,Primary
TIVERTON,Secondary
TIYA,Primary
TIYA,Secondary
TJEDZA SDA PRIMARY,Primary
TJEHANGA,Primary
TJEWONDO,Primary
TJEWONDO,Secondary
TJINGABABILI,Primary
TJOMPANI,Primary
TOBWE PRIMARY SCHOOL,Primary
TOHWE,Primary
TOHWE,Primary
TOHWE,Secondary
TOHWE ,Secondary
TOKWANA,Primary
TOKWANA HIGH,Secondary
TOKWANE NGUNDU,Primary
TOKWE,Primary
TOKWE ,Primary
TOKWE 4 ,Secondary
TOM CHIBI,Primary
TOMBANKALA,Secondary
TOMBANKALA ,Primary
TOMBO,Primary
TOMBO,Primary
TOMDRAYER,Primary
TOMLINSON DEPOT,Primary
TONGENYIKA,Secondary
TONGOGARA,Primary
TONGOGARA,Primary
TONGOGARA,Primary
TONGOGARA,Secondary
TONGOGARA,Primary
TONGOGARA,Secondary
TONGOGARA,Primary
TONGWE,Primary
TONGWE,Secondary
TONGWE GOVT,Secondary
TONHORAI,Primary
TONHORAI (MUTARE),Primary
TOPORO,Primary
TORE ,Primary
TORWOOD,Primary
TOTOLOLO,Primary
TOTONGA,Primary
TOTORORO,Secondary
TOTORORO,Primary
TOVANE PRIMARY,Primary
TOWLA,Primary
TOWLA ,Primary
TOWNSEND HIGH,Secondary
TRAMORE,Primary
TRANSAU (ROMBE),Secondary
TRELAWNEY,Primary
TRELAWNEY,Secondary
TRENANCE,Primary
TRIASHILL,Primary
TROJAN,Primary
TSAKANI ,Primary
TSAKARE,Secondary
TSAKARE,Primary
TSAMVI,Primary
TSANZAGURU PRY,Primary
TSATSE,Primary
TSATSE,Secondary
TSATSE,Primary
TSATSI ,Secondary
TSENGA,Primary
TSENGERAI,Primary
TSENGURWE,Secondary
TSENGURWE,Primary
TSETSE ,Primary
TSHABANDA,Primary
TSHABANDA ,Secondary
TSHABEZI,Primary
TSHALIMBE,Primary
TSHANKE,Primary
TSHANKWA,Primary
TSHANYAUGWE,Primary
TSHANYAUGWE,Secondary
TSHAPEWA,Primary
TSHAYAMATHOLE,Primary
TSHAYILE,Primary
TSHAZI,Secondary
TSHAZI,Primary
TSHEBETSHEBE PR.,Primary
TSHELANYEMBA,Secondary
TSHELANYEMBA,Primary
TSHELI,Primary
TSHELI ,Secondary
TSHIBIZINA,Primary
TSHINO,Primary
TSHIONZENI,Primary
TSHITATSHAWA ,Secondary
TSHITHATSHAWA,Primary
TSHITSHI,Primary
TSHOBOYI,Primary
TSHOLOTSHO ,Secondary
TSHONGOGWANA PRIMARY,Primary
TSHONGOKWE,Primary
TSHONGWE,Primary
TSHOVANI,Primary
TSHUNKUNYANE,Primary
TSIGA,Primary
TSIGA,Secondary
TSIKADA,Secondary
TSIKADA PRIMARY,Primary
TSIKO,Primary
TSINDI,Secondary
TSINHIRANO,Primary
TSUKURU,Primary
TSUNGA,Secondary
TSUNGA,Primary
TSUNGAI,Primary
TSUNGAYI,Primary
TSUNGAYI,Secondary
TSUNGIRIRAI (VINGA),Secondary
TSUNGUBVI,Primary
TSVAIRA,Secondary
TSVINGWE,Secondary
TSVINGWE,Primary
TSVITO,Primary
TSWATSWA ST BEDE'S,Primary
TUDI NUMBER 1,Primary
TUDI NUMBER 2,Primary
TUGWANE,Secondary
TUMBA,Primary
TUNKE,Primary
TURF,Primary
TURGWI,Primary
TURK MINE,Primary
TUZUKA,Secondary
TUZUKA,Primary
TUZUKA 'B' ,Primary
TWIN RIVERS,Primary
TWIN TOPS,Primary
TWINLAKES  PRIVATE PRIMAR,Primary
TWO BRIGADE,Primary
TWO TREE DAM,Primary
TWO TREE HILL,Primary
TWO TREE HILL,Secondary
TYNAWALD HIGH,Secondary
TYNWALD,Primary
TYUNGA SEC,Secondary
UCHERE,Secondary
UGANDA MARTYRS,Secondary
UKOMO,Primary
ULUTHO,Primary
UMBE,Primary
UMELUSI,Secondary
UMELUSI ,Primary
UMGUSA PRIMARY,Primary
UMGUZA,Primary
UMLALA ,Primary
UMNIATI ST PETERS,Primary
UMRITSUR,Primary
UMVUKWES,Primary
UMZURURU,Primary
UNGWE,Primary
UNION ( NYAMAKWE),Primary
UNYETU,Secondary
UNYETU,Primary
UPFUMBA,Secondary
URUME,Secondary
URUNDI,Primary
USAKA,Primary
USAVI,Primary
USHAMBA,Primary
USHAMBA,Secondary
USHER,Primary
USHER HIGH,Secondary
USWAUSHAVA  SEC SCH,Secondary
UTAH,Primary
UTEKE,Primary
UTETE,Primary
UTETE,Secondary
UTONGA,Primary
UTONGANI,Secondary
UTSINDA ,Primary
UZEZE PRIMARY,Primary
UZUMBA,Secondary
VAINONA,Primary
VAINONA ,Secondary
VAKA  PRIMARY ,Primary
VALHALLA,Primary
VALLEY ,Primary
VALLEY CHROME,Primary
VALUKHALO,Secondary
VAMBA ,Primary
VAMBARE,Primary
VANAD,Primary
VANGUARD,Primary
VANYORO,Primary
VELA,Primary
VELVEKIA  ,Primary
VENGE,Primary
VENGERE ,Primary
VENGERE HIGH,Secondary
VEZA PRIMARY,Primary
VEZVI ,Primary
VHELEMU PRIMARY SCHPP,Primary
VHEMBE,Secondary
VHENEKA,Secondary
VHENEKA,Primary
VHIMBA,Primary
VHIRIRI HIGH,Secondary
VHOMBOZI,Primary
VHUDZI,Primary
VHUDZI PRIMARY,Primary
VHUNJERE,Primary
VHURUMUKU,Primary
VICTORIA FALLS ,Primary
VICTORIA FALLS EDUCATION ,Primary
VICTORIA HIGH,Secondary
VICTORIA PRIMARY,Primary
VICTORY INDEPENDENT,Secondary
VIMBAI,Secondary
VIMBAI,Primary
VINGA ,Primary
VIRA GEZI,Primary
VIRI - VIRI,Primary
VIRIRI,Primary
VISITATION  MAKUMBI,Secondary
VONABO,Primary
VREDE,Primary
VUBWE,Secondary
VUGWE,Primary
VUHWA,Primary
VUKWE,Primary
VULAMATSHENA ,Primary
VULINDLELA,Secondary
VULINDLELA,Secondary
VULINDLELA SEC,Secondary
VUMANGWE,Primary
VUMBA,Primary
VUMBA,Secondary
VUMBA PRIMARY,Primary
VUMBUNU,Secondary
VUMBUNU,Primary
VUMUKWANA,Primary
VUNDEMBE ,Primary
VUNGU,Secondary
VUNGU COUNCIL,Primary
VUNGWI,Primary
VUNKU SHEMER,Primary
VURAMBA PRIMARY,Primary
VURASHA,Secondary
VURAVHI ,Primary
VUROMBO PRIMARY,Primary
VURONGA,Secondary
VUSHE,Primary
VUTI,Primary
VUTI ,Secondary
VUTIKA,Secondary
VUTSANANA,Secondary
VUTURURA,Primary
WABAYI,Primary
WADDILOVE,Primary
WADDILOVE HIGH,Secondary
WADZANAI,Primary
WADZANAI,Secondary
WADZANAYI,Primary
WADZANAYI COOPERATIVE,Primary
WAKEFIELD,Primary
WALTONDALE,Primary
WANEZI,Secondary
WANGANUI,Primary
WANGANUI SEC,Secondary
WANKIE SEC,Secondary
WARIKANDWA,Secondary
WARIKANDWA,Primary
WARNHARM,Primary
WARREN PARK  6 ,Primary
WARREN PARK  HIGH,Secondary
WARREN PARK 2 SCHOOL,Primary
WARREN PARK 3 SCHOOL,Primary
WARREN PARK 4,Primary
WARREN PARK 5 ,Primary
WARREN PARK D,Primary
WARREN PARK I ,Primary
WASEVA ,Primary
WASIMA,Secondary
WATAKAI,Primary
WATERFALLS INFANT,Primary
WATERFORD,Primary
WATERLOO,Primary
WATERSHED,Secondary
WATERSHED,Primary
WAVERLEY,Primary
WAYERERA,Secondary
WAYERERA,Primary
WAZE,Primary
WEDZA,Secondary
WEDZA,Primary
WELEZA,Primary
WELLINGTON,Primary
WELSTEAD CHINU,Primary
WENDUMBA,Primary
WENIMBI,Primary
WENSLEYDALE,Primary
WEST NICHOLSON,Primary
WEST RANCH,Primary
Westlea Primary,Primary
WESTRIDGE,Primary
WESTRIDGE,Secondary
WESTVIEW,Primary
WETE ,Primary
WHADDON CHASE,Primary
WHARLEY RANCH,Primary
WHATA,Secondary
WHAWHA (GANDO),Primary
WHITECLIFF,Primary
WHITESTONE,Primary
WHITEWATER,Secondary
WHITEWATER,Primary
WHUNGA,Primary
WICKLOW,Primary
WICKLOW,Secondary
WIDA,Primary
WIDDICOMBE ,Primary
WILDENE,Primary
WILDERGROOVE (CHIRAYA),Primary
WILIKISA,Primary
WILTSHIRE,Secondary
WINDSOR,Primary
WINDVIEW,Primary
WINO,Primary
WISE OWL LEARNING CENTRE,Primary
WONDEDZO,Primary
WONDEDZO,Secondary
WONDOLA,Primary
WOODLANDS,Primary
WOODLANDS,Primary
WOODLANDS,Primary
WOODROW PRIMARY,Primary
WOODVILLE,Primary
WOZHELE,Primary
WOZOLI,Secondary
WOZOLI ,Primary
WUYUWUYU,Primary
WYCHWOOD,Primary
YAMURAI PRIMARY,Primary
YAMURANAYI,Primary
YORKSHIRE,Primary
Z.R.P. CHIKURUBI PRIM,Primary
ZABE,Primary
ZAKA  HIGH ,Secondary
ZAKA PRIMARY,Primary
ZALOBA,Primary
ZAMANI,Primary
ZAMANYONI,Secondary
ZAMANYONI,Primary
ZAMAZAMA,Primary
ZAMBA,Primary
ZAMBARA,Secondary
ZAMBARA,Primary
ZAMBARA,Primary
ZAMBE,Primary
ZAMBE,Secondary
ZAMBEZI,Primary
ZAMBEZI,Primary
ZAMBEZI PRIMARY,Primary
ZAMBUKO,Primary
ZAMCHIYA,Primary
ZANA,Secondary
ZANDA,Primary
ZANGAMA,Secondary
ZANGAMA,Primary
ZANO PRIMARY,Primary
ZARANYIKA,Secondary
ZARANYIKA,Primary
ZARANYIKA,Primary
ZARAWA,Primary
ZAROVA,Primary
ZEBRA DOWNS PRIM,Primary
ZEBRA DOWS,Secondary
ZEDZA,Primary
ZELEZELE,Primary
ZENDA,Primary
ZENGEA,Primary
ZENGENENE,Primary
ZENGEYA,Primary
ZENGEYA,Primary
ZENGEYA ,Primary
ZENGEZA  I  HIGH,Secondary
ZENGEZA 2 HIGH,Secondary
ZENGEZA 3 HIGH,Secondary
ZENGEZA 4 HIGH,Secondary
ZENGEZA 4 PRIM,Primary
ZENGEZA 5 PRIM,Primary
ZENGEZA 7 PRIM,Primary
ZENGEZA 8 ,Primary
ZENGEZA MAIN,Primary
ZENGUVO,Primary
ZENKA,Primary
ZENYA,Primary
ZENZELE ,Secondary
ZENZELE SEC,Secondary
ZERUVI,Primary
ZEZANI,Secondary
ZHAKATA,Primary
ZHAMBA,Primary
ZHAMPALE,Primary
ZHAUGWE,Primary
ZHAUGWE,Secondary
ZHAUGWE  NORTH,Primary
ZHAWARI,Primary
ZHEKE,Primary
ZHEN JE,Primary
ZHILO,Primary
ZHOKWE,Primary
ZHOMBA,Primary
ZHOMBA  HIGH,Secondary
ZHOMBE ,Primary
ZHOMBE S.D.A.,Primary
ZHOMBILI,Primary
ZHOMBWE,Primary
ZHOPHEMBE,Primary
ZHOU PRIMARY,Primary
ZHUKWE,Primary
ZIBALONGWE,Primary
ZIBUNGULULU,Primary
ZIBUNGULULU SEC,Secondary
ZIBWOWA,Primary
ZIBWOWA,Secondary
ZIBWOWA,Primary
ZIDULINI,Primary
ZIFUNZI ,Primary
ZIGA,Primary
ZIHWA ,Primary
ZIKHULULENI,Primary
ZIKI,Primary
ZIMATI,Primary
ZIMBARA,Secondary
ZIMBARA,Primary
ZIMBILI ANNEX ,Primary
ZIMBIRU,Secondary
ZIMBIRU,Primary
ZIMBIZI,Secondary
ZIMBIZI PRIMARY,Primary
ZIMBO JUNCTION,Primary
ZIMBODZA,Primary
ZIMDABULE PR,Primary
ZIMELE,Secondary
ZIMHUNGU,Primary
ZIMONDI,Secondary
ZIMONDI (ST MARK),Primary
ZIMPHOS,Primary
ZIMRE,Primary
ZIMUNDA,Primary
ZIMUNYA,Primary
ZIMUNYA (MURADZIKWA),Secondary
ZIMUTO,Secondary
ZIMUTO ZRP PRIMARY,Primary
ZIMWATUGA,Primary
ZINAPI,Primary
ZINATSA,Secondary
ZINATSA,Primary
ZINDELE,Primary
ZINDI,Primary
ZINDOGA,Primary
ZINDOVE,Primary
ZINEVI  ,Primary
ZINHATA PRIMARY,Primary
ZINTAFULI,Secondary
ZINYANGENI,Primary
ZINYEMBE,Primary
ZIRABADA,Primary
ZISHABANE,Primary
ZISHAMBA,Primary
ZISHUMBE,Primary
ZIVAGWE ,Primary
ZIVAVOSE,Secondary
ZIVEZANO,Secondary
ZOMA ,Secondary
ZOMA PRIMARY,Primary
ZONA,Primary
ZONA (Jersey B),Secondary
ZORIZOZO,Primary
ZOROGWE PRIMARY,Primary
ZORORAI,Secondary
ZORORO BAPTIST,Primary
ZOWA,Primary
ZOWA SEC,Secondary
ZRP ,Secondary
ZRP KADOMA CAMP,Primary
ZRP ROSS CAMP,Primary
ZUKA,Primary
ZULUKANDABA,Primary
ZUMANANA ,Primary
ZUMBA,Primary
ZUMBA,Secondary
ZUMBARE,Primary
ZUMBI NGOMAYEISE,Primary
ZUNGA ,Primary
ZUNGUDZA,Primary
ZURU,Primary
ZURUNGOVE,Primary
ZURUNGOWE,Secondary
ZURURA,Secondary
ZUVARABUDA,Primary
ZUVARABUDA,Primary
ZUZAPHI,Primary
ZUZE,Primary
ZVAKWANA,Primary
ZVAMAGAMBA  SECONDARY,Secondary
ZVAMAGWIRO,Secondary
ZVAMAHANDE,Primary
ZVAMAHANDE,Secondary
ZVAMAPERE ,Secondary
ZVAMATENGA,Primary
ZVAMATOBWE,Primary
ZVAMAUNJE,Primary
ZVANAKA,Secondary
ZVANAKA,Primary
ZVANAKA(CHENGWE),Secondary
ZVAPUNGU,Secondary
ZVARAI,Primary
ZVARAI,Secondary
ZVATAIDA ,Primary
ZVAVAHERA PRIMARY,Primary
ZVAVANHU,Secondary
ZVAVANHU,Primary
ZVAVASHE,Secondary
ZVEGONA,Primary
ZVEHURU,Secondary
ZVEHURU PRIMARY,Primary
ZVEKARE,Primary
ZVENGOMA PRIMARY,Primary
ZVENYIKA,Primary
ZVERENJE,Primary
ZVIBOMVU,Primary
ZVIBOMVU,Secondary
ZVIDIRIPIRI,Secondary
ZVIDO PRY,Primary
ZVIDOZVEVANHU,Secondary
ZVIDOZVEVANHU,Primary
ZVIKOMBE,Primary
ZVIMHONJA,Primary
ZVIMHONJA,Secondary
ZVINAVASHE,Primary
ZVINYANINGWE,Primary
ZVIPIRIPIRI,Primary
ZVIRIKURE,Primary
ZVISEKO,Primary
ZVISHAVA,Primary
ZVISHAVANE,Secondary
ZVISHAZHA,Primary
ZVIVINGWI,Secondary
ZVIVINGWI SATELLITE,Primary
ZVIWUMWA,Secondary
ZVIYAMBE,Primary
ZVIYO,Primary
ZVOI,Primary
ZVOMANYANGA,Secondary
ZVOMUKONDE,Secondary
ZVOMUPUNGU,Primary
ZVOMWOYO,Primary
ZVOMWOYO ,Secondary
ZVOURONGWE,Primary
ZWANGENDABA SEC,Secondary
ZWEHAMBA,Primary
ZWELABO ,Secondary
ZYAKAMANA,Primary
